{"TNN9K+kJNalUXHzODOHg/A==":"for%20wordpress-122x122.png","lXyIxl3ZSHb1Gs7VUA9w+A==":"lockscreen-1280x720.jpg","B3yiPdolJFvg7mhcLpCc+A==":"ooc_headerii-2000x380.jpg","F5QO6m/3ENL68k/Rbv7IlQ==":"ooc_headermob-1280x720.jpg","74AGPZM0abxnsCYWsyuGDQ==":"ooc_headermobrv-1280x720.jpg","/Pj3kl8V95ZeWkgUNxtg7Q==":"ooc_headermobrv-1-1280x720.jpg","AQF4n33oQJInbnfpDbettA==":"ooc_headermobrv-2-1280x720.jpg","f8nKHbmMeYC/myVF8Q+8jw==":"ooc_headermobrv-3-1280x720.jpg","OaH951/lXY6RNUA3IrkC9A==":"ooc_headermobrv-4-1280x720.jpg","94QvtKouEoeJn5+gIc95Bg==":"ooc_headermobrv-2000x1125.jpg","hgfgHvC0yWkz/5NWru3QYg==":"softwares-1.svg","7f9fs5tIoHHPcgpz2lJTXQ==":"softwares-2.svg","QG8A07a1p5SwDOUtPYgWvA==":"softwares-3.svg","LQAefKIQHeKxzYrmOyUEUA==":"softwares-01-1.svg","EdQ0w9uw4RJ/g4nvVW2Jxw==":"v3%20logo%20mockup-1588x1080.jpg","shZvxo5L9iW44FJq5SrSwA==":"lade's%20kitchen%20mock-up%202-2000x1333.jpg","Utw6V018KOD6L+La5eY/8A==":"ncec%20logo%20i%20mockup-2000x1250.jpg","ySw4R17d5bftT0IUZ9pwKw==":"shoestoreafrica-2000x1500.jpg","yuAnPTX51Hm6IPt5W7uGdQ==":"the%20indispensable%20me%20seminar%20branding-2000x1500.jpg","kfdXawb4Z0mDB6Zb7MU19w==":"the-butchers-shop-960x720.jpg","xzpQETwmM9eq3DuYcAezoQ==":"mode%20culture%20consultancy%20black-720x720.jpg","V8jJMP+lvRhjOAAOAm5oXw==":"lade's%20kitchen%20mock-up%202-1080x720.jpg","WupkwwNzkcrRaviJ9IapkQ==":"ncec%20logo%20i%20mockup-1152x720.jpg","YuF58AKA7+hjCllvD73aPg==":"shoestoreafrica-960x720.jpg","DYJdDbw2o7JclgKSHRHXGQ==":"the%20indispensable%20me%20seminar%20branding-960x720.jpg","WNWUQGcqoi/v0DrWjJijuA==":"v3%20logo%20mockup-1058x720.jpg","PiXCoiNhDWEdyt2Kfy4YMg==":"movie-1018x720.jpg","S31Za8JLJv9M2ESfE/IesQ==":"epicnights%20b%203d-1016x720.jpg","5+O8gbC/MbemoQNoEc73TQ==":"mary%20tee%20snack%20pack%20packaging%201-900x720.jpg","qxS3JRz2DpF8RrNdBVt/PA==":"aba%20t-shirt%20design%20white-960x720.jpg","ZJ0LBtDRhR9WvEDj0T4I/g==":"unforgivable%20mock-up-1095x720.jpg","CV/HxlryigGz8GvwQzVGUA==":"beautyfull-720x720.jpg","3mar5h26wwZJrLD0CPgkCw==":"mart-943x720.jpg","9+zMS4WaGyeNmGqn296OEw==":"mockup%201-960x720.jpg","3VdHnHdbtWNO8TU4gZ/KzA==":"cibn-1-803x535.jpg","EBn3MmWkQbXM0O61iqQ1SQ==":"wasche-803x535.jpg","iuS5ohBj3L0E7/pUtLYrHw==":"1.%20holidays%20sales-1200x1200.jpg","SQcHb0ZAXcKqQlBP+XqMJA==":"1.%20holidays%20sales-720x720.jpg","kXwHb+FI/FTclDon2pAVSg==":"belly%20butterflies-720x720.jpg","N5q0DtqxsiRBkyfFAHkO2Q==":"24.%20aso%20oke%20ii-720x720.jpg","nIPZ3Ffwf0sp4J+uuSNoRA==":"cakesbybukky-val-800x800.jpg","nM8kmns759ffjouUp+H+sw==":"ssa-tshirt-900x925.jpg","9IfTctyOBhYYy56G+RgBDg==":"facade-mockup-ii-700x700.jpg","qNV4kVb3AMChEH4lHN+CQw==":"theshift-800x533.jpg","FXS5oUTd9g4TQZ1OHiDDsg==":"qlaz-1-700x700.jpg","rpGnjj0uIQ9xqPzMzeESNQ==":"campaign-3-800x800.jpg","rpbx20VJtiTXH7WJdLnaVQ==":"drop-off-location-800x800.jpg","u8msJbinos7v4B7jNAkTBw==":"irrelevance-1irrelevance-800x450.jpg","RQMdf8D2/w4elFqw4XIqMw==":"version-1bof-charity-700x700.jpg","RnzI+NZ7frGXVjc1OoO/pw==":"creed-ii-3d-800x567.jpg","XRTw2pEr3MdwU5pVyoYSmQ==":"full-length-v2-1000x400.jpg","7aM/g8PyR6GhEV+ArpXOkw==":"website-training-495x700.jpg","q00sAmsSIhbrSOjiJxTy/A==":"untitled-1-1366x768.jpg","RXe/V1DWIo46CB27gQ2KTQ==":"background-1366x768.jpg","FEU51A+D9JoQl276Rc2erA==":"passport-466x659.jpg","BK3i4wwm3BZPPJ5GrNI7og==":"2-188x189.png","4613m3x8lJ24P33jmCGLng==":"passport-2-466x493.jpg","QpIke+71hZVn9z4cD4fysw==":"passport-3-466x493.jpg","s6jRofFyVCVWdWNPUHr+fA==":"passport-3-466x509.jpg","Q2iqr93Hc7sJ0aJy4VI44w==":"backgrgound2-1366x768.jpg","5pIzs0cVH2gx9bMs/uvCRg==":"mobirise201917_1721112019-1-4_20-25-12.jpg","Klk58JYSTCNI4Ra7l3v1Fw==":"once%20celebration-1875x894.jpg","FOOzyH87zVajj10+OYfTKQ==":"about%20club%2040-837x461.jpg","lCR3qW5bOpeLoJ4m1mwEGw==":"africansbuildafrica-1570x889.jpg","gvCAErJitt5o9azp82a84Q==":"mobirise201917_1721112019-1-4_20-46-30.jpg","oC/Fe2w+ynJFUJumhK+B6A==":"mobirise201917_1721112019-1-4_20-49.jpg","CVvjZ/tyUMV7nIp9ctr9bA==":"homecoming-1675x938.jpg","cG5f/CmCcInApFi3BItr4g==":"mobirise201917_1721112019-1-4_20-56-18.jpg","OhFI/M23rna8ktwE4CTLYQ==":"happy%20birthday-1663x932.jpg","q1uAKha3blENwzhoqX3vbw==":"mobirise201917_1721112019-1-4_21-1-30.jpg"}